AppID,Name,Release date,Estimated owners,Peak CCU,Required age,Price,DLC count,About the game,Supported languages,Full audio languages,Reviews,Header image,Website,Support url,Support email,Windows,Mac,Linux,Metacritic score,Metacritic url,User score,Positive,Negative,Score rank,Achievements,Recommendations,Notes,Average playtime forever,Average playtime two weeks,Median playtime forever,Median playtime two weeks,Developers,Publishers,Categories,Genres,Tags,Screenshots,Movies
589250,"PowersVR","Oct 10, 2020","0 - 20000",0,0,9.99,0,"PowersVR lets you be the caped crusader from comic books. Featuring a cast of colorful heroes, you'll get to test out their unique superpowers in Metropolis. Compete in challenges, unlock all superpowers, fight enemies and discover hidden collectibles. With more heroes and challenges yet to come! Metropolis City is a giant VR sandbox, filled with interesting locations and enemies to face. Follow the beams of light to discover new heroes with all new abilities, some beams will lead you to a challenge. Have the right hero? A section of the map becomes an isolated activity in which you compete for a high score! Secret collectibles are scattered in every nook and cranny, gathering them will unlock all sorts of artwork in the Gallery.","['English']","[]","","https://cdn.akamai.steamstatic.com/steam/apps/589250/header.jpg?t=1602346000","","","christianignatov@gmail.com",True,False,False,0,"",0,37,22,"",4,0,"",0,0,0,0,"PseudoGames","PseudoGames","Single-player,Steam Achievements","Action,Indie,Simulation","Action,Indie,Simulation,VR,Superhero,Early Access,Comic Book","https://cdn.akamai.steamstatic.com/steam/apps/589250/ss_805ed40b58fbeff9951f9411b237ad93cb460950.1920x1080.jpg?t=1602346000,https://cdn.akamai.steamstatic.com/steam/apps/589250/ss_3f59636beca8afb927264bd5c2ab5e9b5a520c0c.1920x1080.jpg?t=1602346000,https://cdn.akamai.steamstatic.com/steam/apps/589250/ss_596d4fe3f9f1a17eb8e49c8e90c432537b0ddc5e.1920x1080.jpg?t=1602346000,https://cdn.akamai.steamstatic.com/steam/apps/589250/ss_59cb39cc72b2578035dc1d5650d939511d907ddd.1920x1080.jpg?t=1602346000,https://cdn.akamai.steamstatic.com/steam/apps/589250/ss_53e84d0c57420d4f30f50b51db705861794a68c0.1920x1080.jpg?t=1602346000","http://cdn.akamai.steamstatic.com/steam/apps/256804196/movie_max.mp4?t=1602287202"
677880,"Draw Your Game","Aug 10, 2017","20000 - 50000",0,0,4.99,0,"‚ÄúI wish I could make my own video game.‚Äù Who among us hasn't thought that at some point? Draw Your Game is a user-friendly application allowing anyone and everyone to create their own video game in a few quick steps: ‚ñ∂ Draw your game's world on a piece of paper, using four different colors (black, blue, green and red). ‚ñ∂ Use the 'Draw Your Game' app to take a picture of your drawing. ‚ñ∂ Wait 10 seconds, while Draw Your Game transforms the drawing into a game. ‚ñ∂ Play your game, with a character that you can control. ‚ñ∂ Share your creation with other Draw Your Game users. Four different colors to create the world of your choosing: ‚ñ∂ Black for stationary floors/ground; ‚ñ∂ Blue for movable objects that the character can push around; ‚ñ∂ Green for elements that the character will bounce off of; ‚ñ∂ Red for objects that will destroy the character or the blue objects. Draw Your Game allows you to create an infinite number of worlds, either on the same sheet of paper or by adding new sheets, one after the other, to create a real story line. There are two available modes: ‚ñ∂ ‚ÄúCreate‚Äù mode, to create your own worlds; ‚ñ∂ ‚ÄúPlay‚Äù mode, to play in the worlds created by the community, either in ‚Äúcampaign‚Äù mode (worlds selected by our team), or in ‚Äúcatalogue‚Äù mode, where you can use search criteria to choose a world yourself. There are several ways to play the different worlds, at the creator's choice: ‚ñ∂ ‚ÄúEscape‚Äù: the character must find a way off the paper to escape and win the game; ‚ñ∂ ‚ÄúDestruction‚Äù: the character must push blue objects into red ones to destroy them. Our teams approve each new world before releasing it to the community, and a rating system is used to rank the top worlds against one another. [] ‚ñ∂ Use fairly wide felt-tip pens. ‚ñ∂ Choose vivid colors. ‚ñ∂ Take pictures under good lighting.","['English']","['English']","","https://cdn.akamai.steamstatic.com/steam/apps/677880/header.jpg?t=1502354684","","http://www.draw-your-game.com/","contact@zerokcm.fr",True,False,False,0,"",0,18,50,"",43,0,"",0,0,0,0,"Zero One","Zero One","Single-player,Steam Achievements,Partial Controller Support","Casual","Casual,Platformer,Hand-drawn","https://cdn.akamai.steamstatic.com/steam/apps/677880/ss_1678380950ebac84202055083b6203c8e8e0163e.1920x1080.jpg?t=1502354684,https://cdn.akamai.steamstatic.com/steam/apps/677880/ss_2c500bf228b7eb77b417e3a33d923ad2a808f852.1920x1080.jpg?t=1502354684,https://cdn.akamai.steamstatic.com/steam/apps/677880/ss_bff6bdf44b1b291473520cc136afbca3f4d50e51.1920x1080.jpg?t=1502354684,https://cdn.akamai.steamstatic.com/steam/apps/677880/ss_d94d37ed784c6f52cb31b795e2c364ed97f45851.1920x1080.jpg?t=1502354684,https://cdn.akamai.steamstatic.com/steam/apps/677880/ss_9b456ef2f86761bc6b63544d272516638efbc09a.1920x1080.jpg?t=1502354684,https://cdn.akamai.steamstatic.com/steam/apps/677880/ss_105e22f97a7148e33bd0d6b0791547a3bb58cbed.1920x1080.jpg?t=1502354684,https://cdn.akamai.steamstatic.com/steam/apps/677880/ss_caf80ca9da235d21c2f9e9c606aec64a0661dfd7.1920x1080.jpg?t=1502354684,https://cdn.akamai.steamstatic.com/steam/apps/677880/ss_99272a04bf3261225ea88048764790614e8abd0f.1920x1080.jpg?t=1502354684","http://cdn.akamai.steamstatic.com/steam/apps/256689941/movie_max.mp4?t=1501794251"
1294780,"Pathfinders: Memories","Feb 16, 2021","0 - 20000",0,0,2.99,0,"Pathfinders are eager to know more about human History. They have studied different civilizations of the past. With the support of the scientist Albert New, they travel through space and time, visiting these ancient people in person. Their objective is to collect relics from each civilization and create a museum of human memories. To achieve this, they will have to go through dangerous paths, facing obstacles, entrapments, and enemies. Your role is to memorize these obstacles and draw a safe path for them. Is your memory sharp enough to do that? Six different civilizations to visit, and three levels of difficulty. Checkpoints and flags can be used as markers to help you memorize the path. But you will earn a bonus if you don't use them. You can earn optional coins in each level by going through more complex paths.","['English', 'Italian', 'Portuguese - Brazil', 'Spanish - Latin America', 'Spanish - Spain', 'Portuguese']","['English', 'Italian', 'Portuguese - Brazil', 'Spanish - Latin America', 'Spanish - Spain', 'Portuguese']","","https://cdn.akamai.steamstatic.com/steam/apps/1294780/header.jpg?t=1636574184","https://menssanainteractive.com/pathfinders-memories/","https://menssanainteractive.com/contact/","contact@menssanainteractive.com",True,True,False,0,"",0,38,4,"",60,0,"",0,0,0,0,"Mens Sana Interactive","Mens Sana Interactive","Single-player,Steam Achievements,Steam Leaderboards","Casual","Puzzle-Platformer,Education,Historical,Time Travel,Puzzle,Point & Click,Family Friendly,Cute,2D,Relaxing,Casual,Cartoony,Colorful,Sci-fi,Space,Cartoon,Singleplayer,Indie,Early Access,Mod","https://cdn.akamai.steamstatic.com/steam/apps/1294780/ss_b2168b7866de5ec55c2118d29b2f28dc480ace45.1920x1080.jpg?t=1636574184,https://cdn.akamai.steamstatic.com/steam/apps/1294780/ss_0896bff858de31a0aa41fdca2833031bd24b9979.1920x1080.jpg?t=1636574184,https://cdn.akamai.steamstatic.com/steam/apps/1294780/ss_cdeb80c72797490bb60022ada1f905b2eea7bef7.1920x1080.jpg?t=1636574184,https://cdn.akamai.steamstatic.com/steam/apps/1294780/ss_758e5e7af3f3965ef409129b8fc954686265d14b.1920x1080.jpg?t=1636574184,https://cdn.akamai.steamstatic.com/steam/apps/1294780/ss_36403d7fb63c9ccbd80ba6be79b62ab340e10796.1920x1080.jpg?t=1636574184,https://cdn.akamai.steamstatic.com/steam/apps/1294780/ss_45bcd594a479eae596676e4db417e3aec7990c4d.1920x1080.jpg?t=1636574184,https://cdn.akamai.steamstatic.com/steam/apps/1294780/ss_c1d9f5b3c204e5ccb93e016d2ac0db246c43933d.1920x1080.jpg?t=1636574184,https://cdn.akamai.steamstatic.com/steam/apps/1294780/ss_3c7620d90c502bfa9d9e9e5bd823f0bd60305ac4.1920x1080.jpg?t=1636574184,https://cdn.akamai.steamstatic.com/steam/apps/1294780/ss_e1d1a03f8700cc22eab19632ae4fffcc262c6d6c.1920x1080.jpg?t=1636574184,https://cdn.akamai.steamstatic.com/steam/apps/1294780/ss_a03301619192a984dce322020afdf56011349df6.1920x1080.jpg?t=1636574184,https://cdn.akamai.steamstatic.com/steam/apps/1294780/ss_0fe277f0e0fc8265b90f04012b7049d6222b8058.1920x1080.jpg?t=1636574184,https://cdn.akamai.steamstatic.com/steam/apps/1294780/ss_a7fa856b5b2d747dca3aa74fa20313adee626032.1920x1080.jpg?t=1636574184","http://cdn.akamai.steamstatic.com/steam/apps/256823011/movie_max.mp4?t=1613680544,http://cdn.akamai.steamstatic.com/steam/apps/256789911/movie_max.mp4?t=1592483691"
1177420,"ÈÇªÂ±ÖÂ§ßÂèî/UncleNeighbor:uncle Dating Simulator","Jun 19, 2020","0 - 20000",19,0,13.99,1,"Neighbor Uncle/UncleNeighbor: This is a love simulation game. You can play as a newcomer to the town starting a new life and date the 12 uncles The 18R-DLC has now been updated for 12 uncles.730+18R-CG About Uncle The Mysterious Man of the Forest: Albert Hanging redheaded man: Alex Baron, the elfish tinkerer. Cold President: Benson The careful and gentle doctor: Blair Mature Farm Uncle: Gene A somewhat vicious-looking athlete: Giles Annoying cops? : Kane Very enthusiastic florist staff: Marcos Exercise loving fitness instructor: Nick Lovely salesman: Quinn Somewhat shy teacher: Ron About the game 12 uncles can date. Simple game operation. There are seven main plots and three hidden plots for each uncle. Each uncle has a separate interactive mini-game. 300 plot illustrations. instagramÔºöLibing_hua twiter:@LiBing_Hua","['Simplified Chinese', 'English', 'Portuguese - Brazil']","[]","","https://cdn.akamai.steamstatic.com/steam/apps/1177420/header.jpg?t=1643961973","","https://weibo.com/u/5163464450","574584405@qq.com",True,True,False,0,"",0,0,0,"",73,668,"This Game may contain content not appropriate for all ages, or may not be appropriate for viewing at work Download only for players over 18 years old.",0,0,0,0,"GameUncle","GameUncle","Single-player,Steam Achievements","Adventure,Casual,Indie,RPG,Simulation","","https://cdn.akamai.steamstatic.com/steam/apps/1177420/ss_c46ee81877af242385a25902d82c46543f655c70.1920x1080.jpg?t=1643961973,https://cdn.akamai.steamstatic.com/steam/apps/1177420/ss_35d65f8ee9c4613bcfc123e942af3f869d937fa7.1920x1080.jpg?t=1643961973,https://cdn.akamai.steamstatic.com/steam/apps/1177420/ss_26fcea9b8e73ac84b7b323d5c751930311778cd8.1920x1080.jpg?t=1643961973,https://cdn.akamai.steamstatic.com/steam/apps/1177420/ss_16da9872e2e6048cd9c68cc4a7037ff44b668b89.1920x1080.jpg?t=1643961973,https://cdn.akamai.steamstatic.com/steam/apps/1177420/ss_707a9a2c8a594ca3361c64da86112d3aa5e1ca14.1920x1080.jpg?t=1643961973,https://cdn.akamai.steamstatic.com/steam/apps/1177420/ss_8278501932fb6002a612d50f30da5250ceba173b.1920x1080.jpg?t=1643961973,https://cdn.akamai.steamstatic.com/steam/apps/1177420/ss_b7220b839daee61744bdbb5722698db48137767a.1920x1080.jpg?t=1643961973,https://cdn.akamai.steamstatic.com/steam/apps/1177420/ss_c9e1a1aa70cc4c14afcfce6be4ac891cc1c0700c.1920x1080.jpg?t=1643961973,https://cdn.akamai.steamstatic.com/steam/apps/1177420/ss_f214abeb305e799c58652cdc8011f6c249090ca5.1920x1080.jpg?t=1643961973,https://cdn.akamai.steamstatic.com/steam/apps/1177420/ss_135a3e6e00f002ce319112334753370bb77e74fa.1920x1080.jpg?t=1643961973","http://cdn.akamai.steamstatic.com/steam/apps/256773663/movie_max.mp4?t=1580327439"
793990,"Dupio","Mar 6, 2018","0 - 20000",0,0,11.99,0,"¬´Dupio¬ª ‚Äî is a fast and challenging non-stop arcade, with minimalistic gameplay. You must play contemporaneously both hands. The game has two screens with purple main characters. The right character is controlled by the mouse.The left hero controlled by keyboard. Avoid red spikes and collect the green circles, survive as long as possible and break your own record. |CONTROL OF THE RIGHT HERO| ‚óè Mouse |CONTROL OF THE LEFT HERO| ‚óè [W] - Move Up ‚óè [S] - Move Down ‚óè [D] - Move Right ‚óè [A] - Move Left produced by","['English']","[]","","https://cdn.akamai.steamstatic.com/steam/apps/793990/header.jpg?t=1554112778","","","nedostudiogames@gmail.com",True,False,False,0,"",0,23,18,"",22,0,"",0,0,0,0,"NedoStudio","NedoStudio","Single-player,Steam Achievements","Casual,Indie","Indie,Casual","https://cdn.akamai.steamstatic.com/steam/apps/793990/ss_8ef75b66b36eb7eb41c5c74872d91be60982ce3b.1920x1080.jpg?t=1554112778,https://cdn.akamai.steamstatic.com/steam/apps/793990/ss_3e3ef212403bc1dc2f867bdffcffaf7c0912f821.1920x1080.jpg?t=1554112778,https://cdn.akamai.steamstatic.com/steam/apps/793990/ss_d08eec34fa44a24dd30d4707099d628e9ebe130e.1920x1080.jpg?t=1554112778,https://cdn.akamai.steamstatic.com/steam/apps/793990/ss_7da67047efd5b147aef540d07445250614a5532b.1920x1080.jpg?t=1554112778,https://cdn.akamai.steamstatic.com/steam/apps/793990/ss_03c40d3bf42d6071fd7c7af0031952aa4c1bcd20.1920x1080.jpg?t=1554112778","http://cdn.akamai.steamstatic.com/steam/apps/256709212/movie_max.mp4?t=1519164037"
1056520,"Who We Are Now","May 7, 2019","0 - 20000",0,0,14.99,2,"Who We Are Now is a queer, post-apocalyptic visual novel set ten years after a nuclear war scoured the earth. It follows Wes, a young man who, drowning in the memories of everyone he's lost, returns to a settlement called Home in search of something to ease his pain. Upon reaching the settlement, he's tasked with guiding four other men, each dealing with their own tragedy. As he helps them, Wes begins to explore himself as well. Together, they will help each other move past the trauma of their pasts and find love along the way. Please note that Who We Are Now contains explicit sexual scenes between men. These scenes are optional.","['English']","[]","","https://cdn.akamai.steamstatic.com/steam/apps/1056520/header.jpg?t=1560310334","","","chromafieldgames@gmail.com",True,True,True,0,"",0,0,0,"",0,0,"Please note that Who We Are Now contains explicit sexual scenes between men. These scenes are optional.",0,0,0,0,"Chroma Field Games","Chroma Field Games","Single-player","Indie","","https://cdn.akamai.steamstatic.com/steam/apps/1056520/ss_620218450140ec3e297273c6a7938babcdcc8bba.1920x1080.jpg?t=1560310334,https://cdn.akamai.steamstatic.com/steam/apps/1056520/ss_a9c718bb71735778c15dbad62963f3df1c3f3548.1920x1080.jpg?t=1560310334,https://cdn.akamai.steamstatic.com/steam/apps/1056520/ss_2240c60e98c5a5a1ecfe5e479d9a0d1c471d99d7.1920x1080.jpg?t=1560310334,https://cdn.akamai.steamstatic.com/steam/apps/1056520/ss_16cf7eb7a25554b272f514e0d9935a745fa4c1cb.1920x1080.jpg?t=1560310334,https://cdn.akamai.steamstatic.com/steam/apps/1056520/ss_50a12f1b5d201e897f58d677e8a784d288c078da.1920x1080.jpg?t=1560310334,https://cdn.akamai.steamstatic.com/steam/apps/1056520/ss_bcbb31961fce84f6ad2db9122e393048a93cd87c.1920x1080.jpg?t=1560310334,https://cdn.akamai.steamstatic.com/steam/apps/1056520/ss_df229e522a4f00ef9ec5c56249722a2a4d45a7ad.1920x1080.jpg?t=1560310334","http://cdn.akamai.steamstatic.com/steam/apps/256748690/movie_max.mp4?t=1556070511"
897820,"Reigns: Game of Thrones","Oct 18, 2018","50000 - 100000",2,0,3.99,0,"Reigns: Game of Thrones is the heir to the award-winning HBO¬Æ TV series Game of Thrones¬Æ and the smash-hit swipe ‚Äòem up series Reigns from Nerial and Devolver Digital. Through the fiery visions of Melisandre, claim the Iron Throne as Cersei Lannister, Jon Snow, Daenerys Targaryen, and more to carefully navigate the complex relationships and hostile factions of the Seven Kingdoms. Employ ruthless tactics to outwit political rivals and wield impervious charm on your fickle bannerman. Maintain the balance and favor of the people to extend your reign and maybe, one day, survive the horrors of the coming winter. A Formidable Cast: Rule from the Iron Throne as Cersei Lannister, Jon Snow, Daenerys Targaryen, Tyrion Lannister, Sansa Stark, and more. Change between each king and queen you unlock to face challenges and mysteries unique to their story. Impose Your Will: Swipe left or right to change the fate of the Seven Kingdoms forever as you hear the impassioned pleas and unpredictable demands from the people of Westeros. If a particular character becomes bothersome, tear their card in half to unburden Your Majesty with their concerns ‚Äì but at what cost? Reenvision Westeros: Melisandre‚Äôs visions are your playing field and extend beyond the TV series to imagine the many fates of those that would sit upon the Iron Throne. Rebuild the Great Sept of Baelor as Cersei or discover the path of the Seven Kingdoms if Sansa Stark had married Jaime Lannister. Regal Mini Games: Even the most powerful rulers need to set aside their worries and partake in more trivial matters now and then. From jousting to tavern brawls, these distractions aren‚Äôt without consequence! A Grander Reigns: Fans of the Reigns series will be delighted with the biggest, deepest entry in the series that does not simply retell the stories you know but rather lets you create new adventures at your whim. Iconic Soundtrack: Decide the fate of Westeros and those that reside in your land to the soaring score of the HBO series by Ramin Djawadi. ¬©2018 Home Box Office, Inc. All Rights Reserved. HBO and related trademarks are the property of Home Box Office, Inc.","['English', 'French', 'German', 'Spanish - Spain', 'Italian', 'Japanese', 'Korean', 'Portuguese - Brazil', 'Russian', 'Simplified Chinese', 'Traditional Chinese']","[]","‚ÄúReigns: Game of Thrones is so much better than any other attempt to bring Game of Thrones to video games so far.‚Äù Digitally Downloaded ‚ÄúA Westerosi romp with welcome wrinkles to the established Reigns formula‚Äù Gamespot ‚ÄúReigns is probably the best Game of Thrones game we‚Äôve played to date.‚Äù Trusted Reviews","https://cdn.akamai.steamstatic.com/steam/apps/897820/header.jpg?t=1645113692","http://www.reignsgame.com","http://www.reignsgame.com","",True,True,True,84,"https://www.metacritic.com/game/pc/reigns-game-of-thrones?ftag=MCD-06-10aaa1f",0,698,203,"",10,815,"",83,0,76,0,"Nerial","Devolver Digital","Single-player,Steam Achievements,Full controller support","Adventure,Indie,RPG","RPG,Indie,Card Game,Adventure,Choices Matter,2D,Medieval,Singleplayer,Minimalist,Choose Your Own Adventure,Strategy,Story Rich,Dark Humor,Great Soundtrack,Difficult,Dark Comedy,Funny,Comedy,Cute","https://cdn.akamai.steamstatic.com/steam/apps/897820/ss_248ae701072840bf58134ed878e45bc0ab01883e.1920x1080.jpg?t=1645113692,https://cdn.akamai.steamstatic.com/steam/apps/897820/ss_db1c80d61b9a0551e8d51d1fb72f627436b02fa2.1920x1080.jpg?t=1645113692,https://cdn.akamai.steamstatic.com/steam/apps/897820/ss_a9ca4d61981268f01e0373a3a931c023fd7a9860.1920x1080.jpg?t=1645113692,https://cdn.akamai.steamstatic.com/steam/apps/897820/ss_3495278259a789c0c1fe57b58e1eead7dd96759d.1920x1080.jpg?t=1645113692,https://cdn.akamai.steamstatic.com/steam/apps/897820/ss_3083d5a7cf1e8bb9490fdf6d1a91b66368d6faa1.1920x1080.jpg?t=1645113692,https://cdn.akamai.steamstatic.com/steam/apps/897820/ss_ddb2eb98a34574d43ad3c1f5ecb156e41f2a2635.1920x1080.jpg?t=1645113692,https://cdn.akamai.steamstatic.com/steam/apps/897820/ss_f9e46cf4209b393da4e66aec684511d567948262.1920x1080.jpg?t=1645113692,https://cdn.akamai.steamstatic.com/steam/apps/897820/ss_c5d6e98e724c95b9b1b1815bd793b31260a79390.1920x1080.jpg?t=1645113692,https://cdn.akamai.steamstatic.com/steam/apps/897820/ss_5baa97dd9233de38b60ec82a7846afcb504e7dcf.1920x1080.jpg?t=1645113692,https://cdn.akamai.steamstatic.com/steam/apps/897820/ss_af4d20798913a77f9e64efa1a65ed47e54bd0a93.1920x1080.jpg?t=1645113692","http://cdn.akamai.steamstatic.com/steam/apps/256726100/movie_max.mp4?t=1535036307,http://cdn.akamai.steamstatic.com/steam/apps/256732488/movie_max.mp4?t=1539862930"
1777550,"Fuyu no Tsuma","Oct 15, 2021","0 - 20000",0,0,1.99,0,"General Fuyu no Tsuma is an addicting game in which you have to solve puzzles with Lovely Girls Incredible Atmosphere , Great Music , lots of levels with girls art in HD quality. The game is great for relaxing after a hard day. Features Several difficulty levels. Relaxing gameplay 5 HD quality art with beautiful girls Pleasant atmosphere. Game Modes: EASY - 4x4 MEDIUM - 4x6 ADVANCED - 6x10 HARD - 8x14 EPIC - 10x16","['English']","['English']","","https://cdn.akamai.steamstatic.com/steam/apps/1777550/header.jpg?t=1634291794","","","rosaspecialstuidio@gmail.com",True,False,False,0,"",0,2,2,"",0,0,"",0,0,0,0,"Áé´Áë∞Â∑•‰ΩúÂÆ§","Áé´Áë∞Â∑•‰ΩúÂÆ§","Single-player","Action,Adventure,Indie","Adventure,Indie,Casual,Puzzle,Hentai,Anime,2D,Colorful,Cute,Atmospheric,Story Rich,Singleplayer,Shooter,Sexual Content,Mature,Visual Novel,Dating Sim,Action","https://cdn.akamai.steamstatic.com/steam/apps/1777550/ss_0f677ec728af79836da95402747b1f0a54369ea0.1920x1080.jpg?t=1634291794,https://cdn.akamai.steamstatic.com/steam/apps/1777550/ss_6efc087206991c810df9c7329be121c2aaaee33b.1920x1080.jpg?t=1634291794,https://cdn.akamai.steamstatic.com/steam/apps/1777550/ss_6cdb8154091d4f933944ae9f0848859e434303f0.1920x1080.jpg?t=1634291794,https://cdn.akamai.steamstatic.com/steam/apps/1777550/ss_e0fe303686a9561203a9662a0979bdaec5437bb3.1920x1080.jpg?t=1634291794,https://cdn.akamai.steamstatic.com/steam/apps/1777550/ss_bb2f409a85a8060986f21ef16b334bf964087988.1920x1080.jpg?t=1634291794,https://cdn.akamai.steamstatic.com/steam/apps/1777550/ss_3a09d841f77bf1e876954cffd170858c97d096a1.1920x1080.jpg?t=1634291794","http://cdn.akamai.steamstatic.com/steam/apps/256853884/movie_max.mp4?t=1633085092"
552520,"Far Cry¬Æ 5","Mar 26, 2018","2000000 - 5000000",2164,17,59.99,5,"Far Cry comes to America in the latest installment of the award-winning franchise. Welcome to Hope County, Montana, land of the free and the brave but also home to a fanatical doomsday cult known as Eden‚Äôs Gate. Stand up to cult leader Joseph Seed, and his siblings, the Heralds, to spark the fires of resistance and liberate the besieged community. FIGHT AGAINST A DEADLY CULT Free Hope County in solo or two-player co-op. Recruit Guns and Fangs for hire to help defeat the cult. A WORLD THAT HITS BACK Wreak havoc on the cult and its members but beware of the wrath of Joseph Seed and his followers. CARVE YOUR OWN PATH Build your character and choose your adventure in the largest customizable Far Cry game ever! DYNAMIC TOYS Take control of iconic muscle cars, ATV's, planes and a lot more to engage the cult forces in epic fights. RE-DEFINED STEALTH MECHANICS Enhance your gameplay with eye tracking. Tag enemies by looking at them to increase your stealth skills and help your teammates spot threats. Compatible with all Tobii Eye Tracking gaming devices. Additional notes: Eye tracking features available with Tobii Eye Tracking.","['English', 'French', 'Italian', 'German', 'Spanish - Spain', 'Arabic', 'Czech', 'Dutch', 'Japanese', 'Korean', 'Polish', 'Portuguese - Brazil', 'Russian', 'Simplified Chinese', 'Traditional Chinese']","['English', 'French', 'Italian', 'German', 'Spanish - Spain', 'Japanese', 'Portuguese - Brazil', 'Russian', 'Traditional Chinese']","","https://cdn.akamai.steamstatic.com/steam/apps/552520/header.jpg?t=1628209646","https://far-cry.ubisoft.com/","http://support.ubi.com","",True,False,False,0,"",0,100620,25286,"",0,114588,"",1756,223,1258,311,"Ubisoft Montreal,Red Storm,Ubisoft Shanghai,Ubisoft Toronto,Ubisoft Kiev","Ubisoft","Single-player,Multi-player,Co-op,Online Co-op,Steam Trading Cards,Captions available,In-App Purchases,Partial Controller Support,Includes level editor","Action,Adventure","Open World,Co-op,Action,Multiplayer,FPS,Shooter,Adventure,Singleplayer,First-Person,Story Rich,Survival,Stealth,America,Exploration,Hunting,Atmospheric,Character Customization,Great Soundtrack,Sexual Content,Nudity","https://cdn.akamai.steamstatic.com/steam/apps/552520/ss_a52c732d62a26d20bcfb0525929178749392f4fc.1920x1080.jpg?t=1628209646,https://cdn.akamai.steamstatic.com/steam/apps/552520/ss_64406d71653c589377e8c589ece9e3941b6fff50.1920x1080.jpg?t=1628209646,https://cdn.akamai.steamstatic.com/steam/apps/552520/ss_5b5701cb9cc39b661d6a2903a97e0bb75eb2a6c6.1920x1080.jpg?t=1628209646,https://cdn.akamai.steamstatic.com/steam/apps/552520/ss_60894d685a0f3488ceaf0592625fc904aa2bfeb1.1920x1080.jpg?t=1628209646,https://cdn.akamai.steamstatic.com/steam/apps/552520/ss_8f826d6b68fc53c48f1f52f9d5188ba998b23534.1920x1080.jpg?t=1628209646,https://cdn.akamai.steamstatic.com/steam/apps/552520/ss_c6f08b3d2e156f705205f882504d3cd96f78cca1.1920x1080.jpg?t=1628209646,https://cdn.akamai.steamstatic.com/steam/apps/552520/ss_c26333a1e53aad3d6a8cc0a347e9ac5e0dd98587.1920x1080.jpg?t=1628209646,https://cdn.akamai.steamstatic.com/steam/apps/552520/ss_54e115519104798a3a2dc55e6de3d4974e144b77.1920x1080.jpg?t=1628209646,https://cdn.akamai.steamstatic.com/steam/apps/552520/ss_46e0754a961048afe201f45f2436b4fb0491be73.1920x1080.jpg?t=1628209646,https://cdn.akamai.steamstatic.com/steam/apps/552520/ss_d578dc6a657d7aa5530e59e88705794696e92102.1920x1080.jpg?t=1628209646,https://cdn.akamai.steamstatic.com/steam/apps/552520/ss_f5ee2fb899c32f4c627ee250949645e52161150b.1920x1080.jpg?t=1628209646,https://cdn.akamai.steamstatic.com/steam/apps/552520/ss_e77cdee777bf7cc1fc820e6e3442c23166dfbc4b.1920x1080.jpg?t=1628209646,https://cdn.akamai.steamstatic.com/steam/apps/552520/ss_539a82bb6b1960c64fc13e88b079d85ffca77881.1920x1080.jpg?t=1628209646,https://cdn.akamai.steamstatic.com/steam/apps/552520/ss_84a39f2015f9f697dc0c9208979fcfbe48320916.1920x1080.jpg?t=1628209646,https://cdn.akamai.steamstatic.com/steam/apps/552520/ss_91ffb3869b07d192c522555bc2f0bff1d79a3c1c.1920x1080.jpg?t=1628209646,https://cdn.akamai.steamstatic.com/steam/apps/552520/ss_761d736957034da0543e56b8c4541facccb199d7.1920x1080.jpg?t=1628209646","http://cdn.akamai.steamstatic.com/steam/apps/256712971/movie_max.mp4?t=1522436975,http://cdn.akamai.steamstatic.com/steam/apps/256700398/movie_max.mp4?t=1511961814,http://cdn.akamai.steamstatic.com/steam/apps/256693728/movie_max.mp4?t=1503665650,http://cdn.akamai.steamstatic.com/steam/apps/256686295/movie_max.mp4?t=1505927690,http://cdn.akamai.steamstatic.com/steam/apps/256687020/movie_max.mp4?t=1505927711"
718350,"Loot Collection: Mahjong","Oct 5, 2017","20000 - 50000",0,0,0.55,0,"Loot Collection Mahjong is the perfect game for the casual player looking for fun and extensive gameplay. The goal of this game is to match open pairs of identical tiles and remove them from the board. The game is finished when all pairs of tiles have been removed from the board. Game Features: - Undo - Hint - Shuffle - Highlight - Loot icons - Many levels","['English']","[]","","https://cdn.akamai.steamstatic.com/steam/apps/718350/header.jpg?t=1636832962","https://store.steampowered.com/publisher/boogygames","","kitkat322@hotmail.com",True,False,False,0,"",0,2,3,"",0,0,"",0,0,0,0,"Boogygames Studios","Boogygames Studios","Single-player","Adventure,Casual,Indie,Simulation,Strategy","Hidden Object,Match 3,Puzzle,Board Game,Point & Click,Tabletop,Strategy,2D,Relaxing,Casual,Simulation,Hand-drawn,Minimalist,Fantasy,Loot,Adventure,Singleplayer,Indie","https://cdn.akamai.steamstatic.com/steam/apps/718350/ss_a27a538bcd1af5b8268152bfadc3489739b2987c.1920x1080.jpg?t=1636832962,https://cdn.akamai.steamstatic.com/steam/apps/718350/ss_9e90004fe3cdd79c61d56ea91a95af890b949ffa.1920x1080.jpg?t=1636832962,https://cdn.akamai.steamstatic.com/steam/apps/718350/ss_fab74a31a0aceb737981a5c0eb52efead5171f8f.1920x1080.jpg?t=1636832962,https://cdn.akamai.steamstatic.com/steam/apps/718350/ss_e8c785a2337fac37ab4a866a325f96338357ae68.1920x1080.jpg?t=1636832962,https://cdn.akamai.steamstatic.com/steam/apps/718350/ss_0b7ce84f477c715ae73d918b428e74935edce026.1920x1080.jpg?t=1636832962,https://cdn.akamai.steamstatic.com/steam/apps/718350/ss_c52ac79a1fce3fdf9cdbe6a5aa8b91f7dc04c3ce.1920x1080.jpg?t=1636832962,https://cdn.akamai.steamstatic.com/steam/apps/718350/ss_06ebbf460fe151f9030ed9b08473074a9716390e.1920x1080.jpg?t=1636832962,https://cdn.akamai.steamstatic.com/steam/apps/718350/ss_9360936dac64608356c4cb1d01c6d21dd5dd4a07.1920x1080.jpg?t=1636832962,https://cdn.akamai.steamstatic.com/steam/apps/718350/ss_6a9d9ce64f5497bf6241057594c43593aef8fb8a.1920x1080.jpg?t=1636832962,https://cdn.akamai.steamstatic.com/steam/apps/718350/ss_5de4bd1e445c90ee51db8da0fea8ea91d1b29684.1920x1080.jpg?t=1636832962,https://cdn.akamai.steamstatic.com/steam/apps/718350/ss_ed50d76b32f46d48acf3995df40d9d9950166a66.1920x1080.jpg?t=1636832962,https://cdn.akamai.steamstatic.com/steam/apps/718350/ss_df64c2b8ae0ef474507604699e1032b4dcbc938e.1920x1080.jpg?t=1636832962,https://cdn.akamai.steamstatic.com/steam/apps/718350/ss_719daf4d7b38166fa9b7788c807c36fa23931094.1920x1080.jpg?t=1636832962,https://cdn.akamai.steamstatic.com/steam/apps/718350/ss_13d9722b170209feb8b1a9a07f783d9cf6bf52a4.1920x1080.jpg?t=1636832962,https://cdn.akamai.steamstatic.com/steam/apps/718350/ss_6320021f3ca387272018ab39080982aadc77445e.1920x1080.jpg?t=1636832962,https://cdn.akamai.steamstatic.com/steam/apps/718350/ss_7cf02d37558b8526282a0d8d22a738f7d7d86d6e.1920x1080.jpg?t=1636832962,https://cdn.akamai.steamstatic.com/steam/apps/718350/ss_ade96755de6930c6daf312f2bc01b214a669832e.1920x1080.jpg?t=1636832962","http://cdn.akamai.steamstatic.com/steam/apps/256695790/movie_max.mp4?t=1505932707"
464230,"Colours of Magic: Aqua Teeter","Apr 25, 2016","20000 - 50000",1,0,0.99,0,"As an apprentice magician and alchemist, you learn from different alchemy masters. They teach you to mix elixirs, create potions and control them on alchemist table. Prove everyone that you are a born alchemist! Key features: - 60 levels of varying difficulty in 5 scenarios; - realistic fluid animation and physics; - challenging puzzles; - fancy hand-drawn graphics P.S. This game was initially designed for devices with accelerometer but for PC we decided to add WASD and arrow controls, that made the game even more difficult and entertaining!","['English', 'Russian', 'Portuguese', 'Portuguese - Brazil', 'Ukrainian']","[]","","https://cdn.akamai.steamstatic.com/steam/apps/464230/header.jpg?t=1531925953","https://www.facebook.com/coloursofmagicgame/","http://runserver.net/support/fluids","fluids@runserver.net",True,True,True,0,"",0,69,17,"",17,0,"",340,0,340,0,"RunServer","RunServer","Single-player,Steam Achievements,Full controller support,Steam Trading Cards","Casual,Indie","Casual,Indie,Puzzle,Singleplayer,Hand-drawn,Family Friendly,Colorful,Relaxing,Cute,Top-Down,Cartoon","https://cdn.akamai.steamstatic.com/steam/apps/464230/ss_ca91fe6e1cab0b976a7f27a794f225d7969d627d.1920x1080.jpg?t=1531925953,https://cdn.akamai.steamstatic.com/steam/apps/464230/ss_e8b6e71c122aa95050183e5c66b5bba2f4b52265.1920x1080.jpg?t=1531925953,https://cdn.akamai.steamstatic.com/steam/apps/464230/ss_ea01d5e2d4810fb13339707afc23c82ffd4db2d9.1920x1080.jpg?t=1531925953,https://cdn.akamai.steamstatic.com/steam/apps/464230/ss_64eef39024b2099df50844d7e998dcea02eda9f4.1920x1080.jpg?t=1531925953,https://cdn.akamai.steamstatic.com/steam/apps/464230/ss_a518f328dc2d6e2f01c7732aa2a61445b58c99c3.1920x1080.jpg?t=1531925953","http://cdn.akamai.steamstatic.com/steam/apps/256663432/movie_max.mp4?t=1461586494,http://cdn.akamai.steamstatic.com/steam/apps/256663148/movie_max.mp4?t=1461178832,http://cdn.akamai.steamstatic.com/steam/apps/256663147/movie_max.mp4?t=1461178821"
1293830,"Forza Horizon 4","Mar 9, 2021","2000000 - 5000000",7571,0,59.99,15,"Dynamic seasons change everything at the world‚Äôs greatest automotive festival. Go it alone or team up with others to explore beautiful and historic Britain in a shared open world. Collect, modify and drive over 450 cars. Race, stunt, create and explore ‚Äì choose your own path to become a Horizon Superstar. Collect Over 450 Cars Enjoy the largest and most diverse Horizon car roster yet, including over 100 licensed manufacturers. Race. Stunt. Create. Explore. In the new open-ended campaign, everything you do progresses your game. Explore a Shared World Real players populate your world. When time of day, weather and seasons change, everyone playing the game experiences it at the same time. Explore Beautiful, Historic Britain This is Britain Like You‚Äôve Never Seen it. Discover lakes, valleys, castles, and breathtaking scenery all in spectacular native 4K and HDR.","['English', 'French', 'Italian', 'German', 'Spanish - Spain', 'Czech', 'Hungarian', 'Japanese', 'Korean', 'Polish', 'Portuguese - Brazil', 'Russian', 'Simplified Chinese', 'Spanish - Latin America', 'Traditional Chinese', 'Turkish']","['English', 'French', 'German', 'Portuguese - Brazil', 'Spanish - Latin America', 'Turkish']","","https://cdn.akamai.steamstatic.com/steam/apps/1293830/header.jpg?t=1622068013","http://www.forzamotorsport.net","https://support.forzamotorsport.net/","",True,False,False,0,"",0,122539,15095,"",178,126316,"",2518,230,1021,130,"Playground Games","Xbox Game Studios","Single-player,Multi-player,PvP,Online PvP,Co-op,Online Co-op,Cross-Platform Multiplayer,Steam Achievements,Full controller support,Steam Trading Cards,Steam Cloud","Racing","Racing,Open World,Driving,Multiplayer,Online Co-Op,Automobile Sim,Singleplayer,Realistic,Adventure,PvP,Arcade,Controller,Simulation,Exploration,Action,Sports,Great Soundtrack,Atmospheric,First-Person,Funny","https://cdn.akamai.steamstatic.com/steam/apps/1293830/ss_e88792a0331f460d913ac05203f7c1b12112b14c.1920x1080.jpg?t=1622068013,https://cdn.akamai.steamstatic.com/steam/apps/1293830/ss_d2046bdb2f6acdf9b88c3c168e9eaec38495f063.1920x1080.jpg?t=1622068013,https://cdn.akamai.steamstatic.com/steam/apps/1293830/ss_e872c3153b246b4f595d7106976c6e63d4185c45.1920x1080.jpg?t=1622068013,https://cdn.akamai.steamstatic.com/steam/apps/1293830/ss_56d3181c30a7975a46c4f2d8391861890508d7ba.1920x1080.jpg?t=1622068013,https://cdn.akamai.steamstatic.com/steam/apps/1293830/ss_66354376f93c5581628e8564e663104cbb201665.1920x1080.jpg?t=1622068013,https://cdn.akamai.steamstatic.com/steam/apps/1293830/ss_6aff9bfcaeb460988148efe3c83448fd93e6641a.1920x1080.jpg?t=1622068013,https://cdn.akamai.steamstatic.com/steam/apps/1293830/ss_34be8257854f966bc323eccefc4df91ba6062bfe.1920x1080.jpg?t=1622068013,https://cdn.akamai.steamstatic.com/steam/apps/1293830/ss_1b6f2f86ea117a38d5b527e62ab030a930db972f.1920x1080.jpg?t=1622068013,https://cdn.akamai.steamstatic.com/steam/apps/1293830/ss_f79c110d699dadfdb6945984a65a2aa825787075.1920x1080.jpg?t=1622068013,https://cdn.akamai.steamstatic.com/steam/apps/1293830/ss_f92439ec8b8be406b1a42beec98195c3ac82e4c3.1920x1080.jpg?t=1622068013,https://cdn.akamai.steamstatic.com/steam/apps/1293830/ss_ae4d2485f415b08ba4c00195d29680369e23405a.1920x1080.jpg?t=1622068013,https://cdn.akamai.steamstatic.com/steam/apps/1293830/ss_e38c55bd04ac05d3eb319f92981565df735882f0.1920x1080.jpg?t=1622068013,https://cdn.akamai.steamstatic.com/steam/apps/1293830/ss_c0271116cbfb7be15679861e4b5d0549826dbb04.1920x1080.jpg?t=1622068013","http://cdn.akamai.steamstatic.com/steam/apps/256820708/movie_max.mp4?t=1612810771"
1509640,"Viking Warrior","Jan 19, 2021","0 - 20000",0,0,3.99,0,"We were inspired by Dark Souls game and it was created by ONE MAN ONLY!!! Become one of the last of the magic warriors and stop dark forces A long long time ago, more than memory can recall... It was a time when magic still ruled the world. We were the great tribe in the North. We were the ancestors of the Vikings and used the magic to prosper and build our fabulous civilization... Viking Warrior is a third-person action role-playing game. It is made in famous Dark Souls style where everything is dark and difficult! Explore this game as a Viking Warrior now! Key Features: - Very difficult - 5 unique environment worlds! - Fearsome enemies - Big-bosses - Different type of attacks - swords, archery and MAGIC!","['English']","['English']","","https://cdn.akamai.steamstatic.com/steam/apps/1509640/header.jpg?t=1624902073","","","777.ideas@gmail.com",True,False,False,0,"",0,2,17,"",0,0,"This game contain violence as fighting, shooting with different type of enemies",0,0,0,0,"VikingWarrior","VikingWarrior","Single-player","Action,Adventure,Indie,RPG","Action,Adventure,RPG,Souls-like,Action-Adventure,Character Action Game,3D Platformer,3D,Realistic,Third Person,Dark,Fantasy,Magic,Medieval,Archery,Combat,Singleplayer,Violent,Indie","https://cdn.akamai.steamstatic.com/steam/apps/1509640/ss_ac54303c48547af2a67104bde4f24efc7eadcdd7.1920x1080.jpg?t=1624902073,https://cdn.akamai.steamstatic.com/steam/apps/1509640/ss_ed8e6b5a8b7ecffd69ebff6af4e53bfa6fd0c100.1920x1080.jpg?t=1624902073,https://cdn.akamai.steamstatic.com/steam/apps/1509640/ss_8f5a8140e80b354860b4ca0d15d5ac4284c6040d.1920x1080.jpg?t=1624902073,https://cdn.akamai.steamstatic.com/steam/apps/1509640/ss_4cb0a8b4fe994b2ea3b145a0bc8dcf23299a9d17.1920x1080.jpg?t=1624902073,https://cdn.akamai.steamstatic.com/steam/apps/1509640/ss_0aeeab2d07cb825ead573acafabf75ddadb46cc8.1920x1080.jpg?t=1624902073","http://cdn.akamai.steamstatic.com/steam/apps/256817886/movie_max.mp4?t=1610437470,http://cdn.akamai.steamstatic.com/steam/apps/256816516/movie_max.mp4?t=1609244787"
1944730,"Square Keeper","Jun 9, 2022","0 - 20000",0,0,4.99,0,"Square Keeper is a puzzle game, based on a card system, where each card gives the player the possibility to execute different actions, like a sword swing, shooting with a bow or simply walking The protagonist is trapped in a dungeon with many rooms filled with different enemies and traps. To escape you have to be able to analyze your options correctly and defeat the enemies so that the room's gate opens. There's many rooms waiting to be discovered and solved. Play your cards well! Features: üè∞ A new way to enter dungeons: use the cards to complete the levels. üíÄ Play through more than 40 little dungeons. ‚öîÔ∏è Swords, bows and spears. You will need all of them to meet the challenge. üí≠ Each movement is important to escape from the dungeons. MORE JANDUSOFT GAMES","['English']","[]","","https://cdn.akamai.steamstatic.com/steam/apps/1944730/header.jpg?t=1654781524","https://www.jandusoft.com/squarekeeper","https://www.jandusoft.com","",True,False,False,0,"",0,10,0,"",12,0,"",0,0,0,0,"KanakStudio","JanduSoft","Single-player,Steam Achievements,Full controller support,Steam Cloud","Adventure,Indie","Casual,Adventure,Puzzle,Card Battler,2D,Pixel Graphics,Logic,Grid-Based Movement,Singleplayer,Indie,Arcade,Card Game","https://cdn.akamai.steamstatic.com/steam/apps/1944730/ss_3535c790ba0b836ef78c43bf82341c7a3aea0c16.1920x1080.jpg?t=1654781524,https://cdn.akamai.steamstatic.com/steam/apps/1944730/ss_8008115e99802164b2ff6b106f6ef4486b5f205b.1920x1080.jpg?t=1654781524,https://cdn.akamai.steamstatic.com/steam/apps/1944730/ss_beb0a1cc30f7536561da87d55909406da430162d.1920x1080.jpg?t=1654781524,https://cdn.akamai.steamstatic.com/steam/apps/1944730/ss_30ad3744d71528578d6e88d452f2af2bab28562c.1920x1080.jpg?t=1654781524,https://cdn.akamai.steamstatic.com/steam/apps/1944730/ss_423ac9f2005515ec9514043943e307c71b3d382c.1920x1080.jpg?t=1654781524,https://cdn.akamai.steamstatic.com/steam/apps/1944730/ss_6e10e62ca1c1a42d4a4216059ba46002497efb18.1920x1080.jpg?t=1654781524,https://cdn.akamai.steamstatic.com/steam/apps/1944730/ss_d7bf5af75a2caaa694ed1d673b4b826566d352d2.1920x1080.jpg?t=1654781524,https://cdn.akamai.steamstatic.com/steam/apps/1944730/ss_aaa809ee30ae6e1355692c301a5e2aca86393658.1920x1080.jpg?t=1654781524","http://cdn.akamai.steamstatic.com/steam/apps/256884921/movie_max.mp4?t=1651565774"
1144900,"Pension Day","Sep 3, 2019","20000 - 50000",0,0,0.99,0,"Don't you just hate it when you need to be somewhere and those pesky old folks are clogging the sidewalks, impeding your progress? If so you are not alone. Hugo Banchee is a testosterone-fueled hulk of a man with serious anger management issues and he is in a hurry to get to the gym. Trouble is, it happens to be Pension Day. Hugo knows his route will be blocked by dithering, doddering old people who flock to the Post Office each Tuesday to pick up their pension payments. Even Hugo's therapist cannot seem to calm him down this time! Can Hugo reach his destination without upsetting too many old people? Or will he bump into so many that his overwrought heart will implode, leaving him dying in the street? You must preserve some semblance of Hugo's respect for the elderly long enough for him to reach the sanctuary of his beloved gym in Julian Henley's latest hilarious social commentary on modern life! Gameplay The game mechanics are deceptively simple (you will master them immediately but die many times). As Hugo walks up the road you must control his direction using the arrow keys thereby preventing collisions with other characters and vehicles. Colliding with the elderly characters will enrage Hugo, putting stress on his heart and reducing his health. Hugo's health is also dented by colliding with moving vehicles. Helping an old man across the road is a calming experience and will boost Hugo's health, as will catching tranquilizing capsules which occasionally fall in Hugo's path. Keep Hugo alive long enough and you will eventually reach the destination and victory!","['English']","['English']","","https://cdn.akamai.steamstatic.com/steam/apps/1144900/header.jpg?t=1651033778","","","jhenley123@outlook.com",True,False,False,0,"",0,0,1,"",0,0,"There is a small amount of mildly offensive language.",0,0,0,0,"Julian Henley","Julian Henley","Single-player","Action,Casual","Action,Casual,Arcade,Pixel Graphics,2D,Cartoony,Funny,Linear,Singleplayer","https://cdn.akamai.steamstatic.com/steam/apps/1144900/ss_3554f50d7f2b332e4dd5544aaea9721424eb3c27.1920x1080.jpg?t=1651033778,https://cdn.akamai.steamstatic.com/steam/apps/1144900/ss_77f06fc8e4502728f42cd92855a089303f282b01.1920x1080.jpg?t=1651033778,https://cdn.akamai.steamstatic.com/steam/apps/1144900/ss_449d5dc65de5556cf6a4751d88a45cc1fe2a8db6.1920x1080.jpg?t=1651033778,https://cdn.akamai.steamstatic.com/steam/apps/1144900/ss_b61f9f1d33f7a02025dd47ccae811f5a581c47b2.1920x1080.jpg?t=1651033778,https://cdn.akamai.steamstatic.com/steam/apps/1144900/ss_9690b616cae80d95cd31c91d01e9e50819e73230.1920x1080.jpg?t=1651033778,https://cdn.akamai.steamstatic.com/steam/apps/1144900/ss_17e8964a5be9ce7a3c3cb031ad5882d565d63813.1920x1080.jpg?t=1651033778,https://cdn.akamai.steamstatic.com/steam/apps/1144900/ss_50141b7333cba15cdc983aa2806b9590db466131.1920x1080.jpg?t=1651033778,https://cdn.akamai.steamstatic.com/steam/apps/1144900/ss_f393400e7addb1cfdac84fde14e3d6cd93d41f79.1920x1080.jpg?t=1651033778","http://cdn.akamai.steamstatic.com/steam/apps/256759250/movie_max.mp4?t=1566330531"
12140,"Max Payne","Jan 6, 2011","500000 - 1000000",49,17,3.49,0,"Max Payne is a man with nothing to lose in the violent, cold urban night. A fugitive undercover cop framed for murder, hunted by cops and the mob, Max is a man with his back against the wall, fighting a battle he cannot hope to win. Max Payne is a relentless story-driven game about a man on the edge, fighting to clear his name while struggling to uncover the truth about his slain family amongst a myriad of plot-twists and twisted thugs in the gritty bowels of New York during the century's worst blizzard. The groundbreaking original cinematic action-shooter, Max Payne introduced the concept of Bullet Time¬Æ in videogames. Through its stylish slow-motion gunplay combined with a dark and twisted story, Max Payne redefined the action-shooter genre.","['English']","['English']","","https://cdn.akamai.steamstatic.com/steam/apps/12140/header.jpg?t=1618852800","http://www.rockstargames.com/maxpayne/","http://www.rockstargames.com/maxpayne/","",True,False,False,89,"https://www.metacritic.com/game/pc/max-payne?ftag=MCD-06-10aaa1f",0,9516,1114,"",0,8684,"",168,79,80,79,"Remedy Entertainment","Rockstar Games","Single-player","Action","Action,Noir,Classic,Third-Person Shooter,Bullet Time,Story Rich,Atmospheric,Dark,Third Person,Singleplayer,Shooter,Great Soundtrack,Detective,Cinematic,Linear,Crime,Violent,Adventure,Horror,Psychological Horror","https://cdn.akamai.steamstatic.com/steam/apps/12140/0000003256.1920x1080.jpg?t=1618852800,https://cdn.akamai.steamstatic.com/steam/apps/12140/0000003257.1920x1080.jpg?t=1618852800,https://cdn.akamai.steamstatic.com/steam/apps/12140/0000003258.1920x1080.jpg?t=1618852800,https://cdn.akamai.steamstatic.com/steam/apps/12140/0000003259.1920x1080.jpg?t=1618852800,https://cdn.akamai.steamstatic.com/steam/apps/12140/0000003260.1920x1080.jpg?t=1618852800,https://cdn.akamai.steamstatic.com/steam/apps/12140/0000003261.1920x1080.jpg?t=1618852800,https://cdn.akamai.steamstatic.com/steam/apps/12140/0000003262.1920x1080.jpg?t=1618852800,https://cdn.akamai.steamstatic.com/steam/apps/12140/0000003263.1920x1080.jpg?t=1618852800,https://cdn.akamai.steamstatic.com/steam/apps/12140/0000003264.1920x1080.jpg?t=1618852800,https://cdn.akamai.steamstatic.com/steam/apps/12140/0000003265.1920x1080.jpg?t=1618852800,https://cdn.akamai.steamstatic.com/steam/apps/12140/0000003266.1920x1080.jpg?t=1618852800,https://cdn.akamai.steamstatic.com/steam/apps/12140/0000003267.1920x1080.jpg?t=1618852800,https://cdn.akamai.steamstatic.com/steam/apps/12140/0000003268.1920x1080.jpg?t=1618852800,https://cdn.akamai.steamstatic.com/steam/apps/12140/0000003269.1920x1080.jpg?t=1618852800,https://cdn.akamai.steamstatic.com/steam/apps/12140/0000003270.1920x1080.jpg?t=1618852800",""
1647430,"Black Mansion","Jun 15, 2021","20000 - 50000",0,0,6.99,0,"Get ready to solve the puzzles walking through a terrifying, mysterious mansion! Go on an adventure only through wall-to-floor jumps, with no complicated manipulations. Challenge the extremely difficulty of master, it‚Äôs addictive! - Just jump to move. You can go anywhere you want with jumping as many times as you want. - Be careful of enemies and obstacles. Leave the following enemies out and avoid dangerous obstacles. - Find the key and operate the device to explore the mansion. Solve the hidden puzzles in the mansion, Fight against the enemies, Then move to the next destination. - Every progress and data are saved automatically. - Challenge the extremely difficulty of master, it‚Äôs addictive! Synopsis One late night, David got a phone call. The call was cut off right after his brother Jonathan‚Äôs mysterious words. The last words he left were: The Rose Mansion, East 6th, 51st Street. David lost his memories on the way to the mansion to find Jonathan. When he gets back to his senses, something comes into his view‚Ä¶ He opens the door to the room to find the truth‚Ä¶ The shadow of death hidden in the mansion‚Ä¶ Overcome fear and survive the death. What is waiting for you at the end of this adventure? Well-organized story and BGM will make you immerse yourself in playing. Clear every stage and unroll every story. What is the truth hidden in the mansion? Characters - David One late night, David got a phone call. The call was cut off right after his brother Jonathan‚Äôs mysterious words. The last words he left were: The Rose Mansion, East 6th, 51st Street. David lost his memories on the way to the mansion to find Jonathan. In confinement, he opens the door to the room to find the truth‚Ä¶ When he gets back to his senses, something comes into his view‚Ä¶ - Hanna Hanna woke up from a strange dream. In confinement, she lost her memories about everything‚Ä¶ Who she was, where she was confined, etc. Although she tried to bring back her memories, she only got a headache, not her memories‚Ä¶ Story Mode Different stories from different characters- David and Hanna About 100 different stages depending on the main character Challenge Mode You can play challenge mode from 2-5 stage clear You can challenge the various stages with different rooms Level that can be upgraded at each stage Collect A memo that tells the story Costume to change the character's look Artifacts required to acquire a costume Distinctive characters There are various stories of the various characters in one mansion. Experience how their stories end. Various kinds of traps A hasty judgment can only lead to death. Unexpected traps will make you not let go of the tension even for a second. Caution If you remove this app, all the data you have done so far will be removed as well.","['English', 'Japanese', 'Korean', 'Simplified Chinese']","[]","","https://cdn.akamai.steamstatic.com/steam/apps/1647430/header.jpg?t=1623740532","","","pictologisteam@gmail.com",True,False,False,0,"",0,1,0,"",0,0,"The black mansion includes bloodshed, such as being fragmented by a cog wheel or being stamped on a thorn when a character is caught in various traps.",0,0,0,0,"PICTOLOGI","PICTOLOGI","Single-player","Action,Adventure,Indie","Action,Adventure,Action-Adventure,Arcade,Puzzle,Exploration,2D,Anime,1990's,America,Atmospheric,Building,Crime,Dark,Dark Fantasy,Drama,Mystery,Psychological Horror,Surreal,Survival Horror","https://cdn.akamai.steamstatic.com/steam/apps/1647430/ss_5e6c38d45518d5c76309e4826284c06998c6827f.1920x1080.jpg?t=1623740532,https://cdn.akamai.steamstatic.com/steam/apps/1647430/ss_3402013cc17b7e4e01b39f1bf3d9dcbde06151e3.1920x1080.jpg?t=1623740532,https://cdn.akamai.steamstatic.com/steam/apps/1647430/ss_753f616fc43fb972aae9eb7887d32e37b1611526.1920x1080.jpg?t=1623740532,https://cdn.akamai.steamstatic.com/steam/apps/1647430/ss_7098eabb880b8f11b52bfb89402660b1f6c233b1.1920x1080.jpg?t=1623740532,https://cdn.akamai.steamstatic.com/steam/apps/1647430/ss_2ba15d96ad9ce96d31b15e58b7604aa5e100ae30.1920x1080.jpg?t=1623740532,https://cdn.akamai.steamstatic.com/steam/apps/1647430/ss_41f8859f2bac362874a37552717e2b4695f3b401.1920x1080.jpg?t=1623740532,https://cdn.akamai.steamstatic.com/steam/apps/1647430/ss_71bab3fd2b444c7241e6e7402b43089ae9f90e79.1920x1080.jpg?t=1623740532,https://cdn.akamai.steamstatic.com/steam/apps/1647430/ss_5e794bcd40a4f0af33e4fac536e00f813427261f.1920x1080.jpg?t=1623740532,https://cdn.akamai.steamstatic.com/steam/apps/1647430/ss_a48720261fdc15760f01164676af60d849d973f5.1920x1080.jpg?t=1623740532","http://cdn.akamai.steamstatic.com/steam/apps/256836153/movie_max.mp4?t=1622597988"
1608620,"Ballistic Machines","Jun 11, 2021","0 - 20000",0,0,1.99,0,"Ballistic Machines is a splitscreen game were players fight eachother as well as a wide range of monsters, In Ballistic Machines the players creates the world as they move. The players health slowly depletes over time and players are encouraged to move more and create more platforms, some of these platform will contain more fruit (used to replenish health) and some of them will contain monsters to battle, it's all down to luck. The game is design to be fast paced with players having to defeat the other player, fight the enemy types or collect resources. health depletion, the enemy player and monsters are all there to kill you making every second counts when trying to obtain victory! This game features a wide range of game modes for players to enjoy these are PVP with and without enemies, king of the hill, capture the flag, territory, carry the crown (gamemode were you gain points for wearing the crown the longest without being killed) and a sports mode. -Requires keyboard and mouse for player 1 and a controller for player 2- -Best enjoyed with remote play together-","['English']","[]","","https://cdn.akamai.steamstatic.com/steam/apps/1608620/header.jpg?t=1650227019","","","ballisticmachinegames@gmail.com",True,False,False,0,"",0,0,0,"",0,0,"",0,0,0,0,"Ballistic Machine","Ballistic Machine","Multi-player,PvP,Shared/Split Screen PvP,Co-op,Shared/Split Screen Co-op,Shared/Split Screen,Remote Play Together","Action,Casual,Indie,Early Access","","https://cdn.akamai.steamstatic.com/steam/apps/1608620/ss_192e6a9fcbc17b442345708c07d8ca0373ff3f3e.1920x1080.jpg?t=1650227019,https://cdn.akamai.steamstatic.com/steam/apps/1608620/ss_8867f63415bf98ad68b42d936e0311a9aa438272.1920x1080.jpg?t=1650227019,https://cdn.akamai.steamstatic.com/steam/apps/1608620/ss_43b4dc8f9b6f6c711fa830727ae74f327884702a.1920x1080.jpg?t=1650227019,https://cdn.akamai.steamstatic.com/steam/apps/1608620/ss_772d2df4d5539a25ffb5d7692e22f2bfe37dcd1a.1920x1080.jpg?t=1650227019,https://cdn.akamai.steamstatic.com/steam/apps/1608620/ss_26af9a08b9fbbccf0459716675c1cce744ce5f73.1920x1080.jpg?t=1650227019","http://cdn.akamai.steamstatic.com/steam/apps/256838718/movie_max.mp4?t=1623615677,http://cdn.akamai.steamstatic.com/steam/apps/256834650/movie_max.mp4?t=1622316364"
541570,"Sally Face - Episode One","Dec 14, 2016","500000 - 1000000",133,0,2.99,1,"A DARK MYSTERY IS UNFOLDING... Delve into an unsettling adventure following the boy with a prosthetic face and a tragic past. In the first episode, Strange Neighbors, Sally Face and his father move into an apartment filled with odd tenants and an unfortunate crime scene. Little did they know what misfortune still awaits... Unravel the sinister mysteries of Sally's world to find the truth that lies hidden beneath the shadows. FEATURES Intriguing narrative will linger in your thoughts Speak with the dead, using handheld video game system, the Gear Boy Handcrafted by a solo dev: including art, design and music Inspired by 1990s cartoons and personal nightmares Bizarre characters, ponies, headbanging and more EPISODES The game is composed of five episodes in total. The first episode offers a short introduction to Sally Face, which the subsequent episodes greatly expand upon. GAMEPLAY In this story-driven adventure game, players will interact with Sal's world and his nightmares. The main path typically requires casual effort. However, there are hidden layers to be uncovered that will invoke a bit of head-scratching, for those players up to the challenge. For Support, email me at portablemoose@gmail.com","['English', 'Russian', 'Italian', 'German', 'Traditional Chinese', 'Portuguese - Brazil']","[]","‚ÄúWholly unique gaming experience that has to be played to be believed‚Äù AdventureGamers ‚ÄúA psychological horror masterpiece‚Äù Nerdvanamedia ‚ÄúPositively oozes personality‚Äù ScaredToPlay","https://cdn.akamai.steamstatic.com/steam/apps/541570/header.jpg?t=1619036403","http://portablemoose.com/","","portablemoose@gmail.com",True,True,True,0,"",0,11739,367,"",35,11287,"Strong Language, Violence, Blood and Gore",282,20,295,20,"Portable Moose","Portable Moose","Single-player,Steam Achievements,Full controller support,Steam Trading Cards","Adventure,Indie","Story Rich,Psychological Horror,Dark,Horror,Indie,Adventure,Mystery,Atmospheric,Singleplayer,Point & Click,Puzzle,Narrative,Hand-drawn,Interactive Fiction,Supernatural,2D,Emotional,Demons,Dark Humor,Casual","https://cdn.akamai.steamstatic.com/steam/apps/541570/ss_bf7808c412a1cda079b7430645b4f7593e8d6e6b.1920x1080.jpg?t=1619036403,https://cdn.akamai.steamstatic.com/steam/apps/541570/ss_a5f7b9f1034bc8c26808ec85546c2481ddbd8d3b.1920x1080.jpg?t=1619036403,https://cdn.akamai.steamstatic.com/steam/apps/541570/ss_3da0e76ddf6f0cf67bdad0fd1c4312f518698a79.1920x1080.jpg?t=1619036403,https://cdn.akamai.steamstatic.com/steam/apps/541570/ss_5db310650748ed311d3a799418ab66c80100fdc8.1920x1080.jpg?t=1619036403,https://cdn.akamai.steamstatic.com/steam/apps/541570/ss_15010ffa13ebda0f683744383b4e86f79cc503e1.1920x1080.jpg?t=1619036403,https://cdn.akamai.steamstatic.com/steam/apps/541570/ss_3f1c3d3278b99e25da857bcf3ad0ef65cbd58b1a.1920x1080.jpg?t=1619036403,https://cdn.akamai.steamstatic.com/steam/apps/541570/ss_f13df9e578e54a084622461e8bbb591e9d050497.1920x1080.jpg?t=1619036403,https://cdn.akamai.steamstatic.com/steam/apps/541570/ss_acb1c6ec66a255304edcd2d12671e58b3f5cde74.1920x1080.jpg?t=1619036403,https://cdn.akamai.steamstatic.com/steam/apps/541570/ss_926ecbba261fa852cad5639f3278a6874952cae2.1920x1080.jpg?t=1619036403,https://cdn.akamai.steamstatic.com/steam/apps/541570/ss_4502ab8004375cd88a310a0c188ec8f78fa433de.1920x1080.jpg?t=1619036403,https://cdn.akamai.steamstatic.com/steam/apps/541570/ss_d2899a845ac8c2abfe607e6589ca774472e58fa2.1920x1080.jpg?t=1619036403,https://cdn.akamai.steamstatic.com/steam/apps/541570/ss_1bea5cf660f3c6b3f91f0f4166d8124e4af5af2d.1920x1080.jpg?t=1619036403,https://cdn.akamai.steamstatic.com/steam/apps/541570/ss_1f73c7ceb82cd5ee81a14514a1e4ff00ebbabfe7.1920x1080.jpg?t=1619036403,https://cdn.akamai.steamstatic.com/steam/apps/541570/ss_56fa20c281a77d2670c7f3f00d90e05ab1920eae.1920x1080.jpg?t=1619036403,https://cdn.akamai.steamstatic.com/steam/apps/541570/ss_e9595fdce66c4e4316da1024779e9a6940dbd59e.1920x1080.jpg?t=1619036403,https://cdn.akamai.steamstatic.com/steam/apps/541570/ss_3350d5fed3d1a4398b8bf18663914b0291e686a0.1920x1080.jpg?t=1619036403,https://cdn.akamai.steamstatic.com/steam/apps/541570/ss_c3d3b9cae82c915eee41e244223da466dc381c76.1920x1080.jpg?t=1619036403,https://cdn.akamai.steamstatic.com/steam/apps/541570/ss_e0ddd78a4d67da36f996393e78c27e295623ea36.1920x1080.jpg?t=1619036403,https://cdn.akamai.steamstatic.com/steam/apps/541570/ss_775de293cf3e3151bde7e0c915bcd186397ee1a1.1920x1080.jpg?t=1619036403,https://cdn.akamai.steamstatic.com/steam/apps/541570/ss_eb62c85697fa5f56209de7f8326329144f55c04d.1920x1080.jpg?t=1619036403,https://cdn.akamai.steamstatic.com/steam/apps/541570/ss_f91369700319792559495d939662f030800f504c.1920x1080.jpg?t=1619036403,https://cdn.akamai.steamstatic.com/steam/apps/541570/ss_8a690002f580d77589fdd1b1a5aafda40b344c38.1920x1080.jpg?t=1619036403,https://cdn.akamai.steamstatic.com/steam/apps/541570/ss_ad33cbb349259a95b619b24540bd29b69214d128.1920x1080.jpg?t=1619036403,https://cdn.akamai.steamstatic.com/steam/apps/541570/ss_aa1bc9bf90460773ad412c54114516fb08cf0ae5.1920x1080.jpg?t=1619036403,https://cdn.akamai.steamstatic.com/steam/apps/541570/ss_370255b4613ed824d3677d6d846561beca70ba7a.1920x1080.jpg?t=1619036403,https://cdn.akamai.steamstatic.com/steam/apps/541570/ss_810c1b89ed799a6f77301697a943b5daa6294008.1920x1080.jpg?t=1619036403,https://cdn.akamai.steamstatic.com/steam/apps/541570/ss_c4cacc0c406c1c96358197455ba8d5aa278cb9f0.1920x1080.jpg?t=1619036403,https://cdn.akamai.steamstatic.com/steam/apps/541570/ss_b9e1d1fb8f7452b43e46194ca3f7ceefb4226ece.1920x1080.jpg?t=1619036403,https://cdn.akamai.steamstatic.com/steam/apps/541570/ss_bd2314258f1db407eaaec10dcf110009f08a794e.1920x1080.jpg?t=1619036403,https://cdn.akamai.steamstatic.com/steam/apps/541570/ss_98c8c780d4561e38e30b1aac5ecefd4b561bb5e2.1920x1080.jpg?t=1619036403,https://cdn.akamai.steamstatic.com/steam/apps/541570/ss_c41e7d798e090eee2cae8758e4615d71e2c66560.1920x1080.jpg?t=1619036403,https://cdn.akamai.steamstatic.com/steam/apps/541570/ss_6c1809617433258a49f1191447d2f6462491e3d6.1920x1080.jpg?t=1619036403,https://cdn.akamai.steamstatic.com/steam/apps/541570/ss_295cffcc3d98de8b247e960ee136bc2f9034615d.1920x1080.jpg?t=1619036403","http://cdn.akamai.steamstatic.com/steam/apps/256769166/movie_max.mp4?t=1575655343,http://cdn.akamai.steamstatic.com/steam/apps/256672195/movie_max.mp4?t=1522340513"
1119070,"Shibui Coliseum","Oct 29, 2019","0 - 20000",0,0,5.99,0,"The Apothem have arrived - and they want to play some serious games with Earthlings. Influenced by classic top-down shooters like Sinistar and Bosconian, Shibui Coliseum is a multidirectonally scrolling shoot ‚Äòem up for fans of fast-paced arcade action. Face 100 waves of increasingly deadly Apothem assault craft, spread over 10 vastly different arenas Find a way to disable the Apothem command craft, The Anthracite, which relentlessly chases you for the entire duration of the game Ran out of ammo or simply feel like parading your space suit? Teleport your pilot on to the arena surface and punish your enemies using your trusty peashooter Level up your craft‚Äôs weapons systems and enjoy a dapper new paintjob or two","['English']","[]","","https://cdn.akamai.steamstatic.com/steam/apps/1119070/header.jpg?t=1657820107","http://www.soiree.info/shibui.html","http://www.soiree.info","robert@soiree.info",True,False,False,0,"",0,0,0,"",0,0,"",0,0,0,0,"Soiree Games","Soiree Games","Single-player","Action,Indie","","https://cdn.akamai.steamstatic.com/steam/apps/1119070/ss_b7b0a7ce8b8bab860dccd891434611d4d9743bd0.1920x1080.jpg?t=1657820107,https://cdn.akamai.steamstatic.com/steam/apps/1119070/ss_c5775414addfdad0762daf307a2937987f6f016e.1920x1080.jpg?t=1657820107,https://cdn.akamai.steamstatic.com/steam/apps/1119070/ss_75e7b4fc7a03d4a91e24c637784bb1ea5e03b545.1920x1080.jpg?t=1657820107,https://cdn.akamai.steamstatic.com/steam/apps/1119070/ss_87f9c5821430b9abcd29130d2c64d34ae8e55f25.1920x1080.jpg?t=1657820107,https://cdn.akamai.steamstatic.com/steam/apps/1119070/ss_857fcc78e3440b1735ed314f8441cc2fbd9dbd20.1920x1080.jpg?t=1657820107,https://cdn.akamai.steamstatic.com/steam/apps/1119070/ss_b421696aee00a84badce1e7ada445f0fb70bd2d5.1920x1080.jpg?t=1657820107","http://cdn.akamai.steamstatic.com/steam/apps/256767480/movie_max.mp4?t=1573982521,http://cdn.akamai.steamstatic.com/steam/apps/256756199/movie_max.mp4?t=1563639209"